{
  "RECORDS": [
    {
      "cno": "201",
      "sno": "001",
      "grade": "30"
    },
    {
      "cno": "201",
      "sno": "002",
      "grade": "20"
    },
    {
      "cno": "201",
      "sno": "003",
      "grade": "20"
    },
    {
      "cno": "202",
      "sno": "001",
      "grade": "20"
    },
    {
      "cno": "202",
      "sno": "002",
      "grade": "30"
    },
    {
      "cno": "202",
      "sno": "003",
      "grade": "0"
    },
    {
      "cno": "203",
      "sno": "001",
      "grade": "30"
    },
    {
      "cno": "203",
      "sno": "002",
      "grade": "10"
    },
    {
      "cno": "203",
      "sno": "003",
      "grade": "20"
    }
  ]
}