{
  "RECORDS": [
    {
      "sno": "001",
      "titleno": "1",
      "sanswer": "A",
      "getscore": "10"
    },
    {
      "sno": "001",
      "titleno": "2",
      "sanswer": "B",
      "getscore": "10"
    },
    {
      "sno": "001",
      "titleno": "3",
      "sanswer": "C",
      "getscore": "10"
    },
    {
      "sno": "002",
      "titleno": "1",
      "sanswer": "B",
      "getscore": "0"
    },
    {
      "sno": "002",
      "titleno": "2",
      "sanswer": "B",
      "getscore": "10"
    },
    {
      "sno": "002",
      "titleno": "3",
      "sanswer": "C",
      "getscore": "10"
    },
    {
      "sno": "003",
      "titleno": "1",
      "sanswer": "C",
      "getscore": "0"
    },
    {
      "sno": "003",
      "titleno": "2",
      "sanswer": "B",
      "getscore": "10"
    },
    {
      "sno": "003",
      "titleno": "3",
      "sanswer": "A",
      "getscore": "10"
    }
  ]
}