{
  "RECORDS": [
    {
      "cno": "201",
      "titleno": "1",
      "titlecontent": "AAAA",
      "answer": "A",
      "score": "10"
    },
    {
      "cno": "201",
      "titleno": "2",
      "titlecontent": "BBBB",
      "answer": "B",
      "score": "10"
    },
    {
      "cno": "201",
      "titleno": "3",
      "titlecontent": "CCCC",
      "answer": "C",
      "score": "10"
    },
    {
      "cno": "202",
      "titleno": "1",
      "titlecontent": "DDDD",
      "answer": "B",
      "score": "10"
    },
    {
      "cno": "202",
      "titleno": "2",
      "titlecontent": "EEEE",
      "answer": "A",
      "score": "10"
    },
    {
      "cno": "202",
      "titleno": "3",
      "titlecontent": "FFFF",
      "answer": "B",
      "score": "10"
    },
    {
      "cno": "203",
      "titleno": "1",
      "titlecontent": "HHHH",
      "answer": "C",
      "score": "10"
    },
    {
      "cno": "203",
      "titleno": "2",
      "titlecontent": "IIII",
      "answer": "A",
      "score": "10"
    },
    {
      "cno": "203",
      "titleno": "3",
      "titlecontent": "KKKK",
      "answer": "B",
      "score": "10"
    }
  ]
}